ts_code,trade_date,pre_close,pre_settle,open,high,low,close,settle,vol
IM.CFX,20231229,5803.4,5802.6,5799.0,5903.2,5798.6,5894.8,5888.0,49489.0
IM.CFX,20231228,5673.0,5675.0,5659.0,5818.8,5642.6,5803.4,5802.6,59871.0
IM.CFX,20231227,5636.6,5640.8,5654.6,5689.6,5616.0,5673.0,5675.0,44291.0
IM.CFX,20231226,5717.6,5713.0,5711.4,5711.4,5619.6,5636.6,5640.8,41911.0
IM.CFX,20231225,5722.8,5716.4,5725.2,5755.0,5682.4,5717.6,5713.0,37888.0
IM.CFX,20231222,5770.2,5773.2,5756.2,5797.6,5697.0,5722.8,5716.4,56485.0
IM.CFX,20231221,5745.0,5751.6,5721.6,5799.2,5665.2,5770.2,5773.2,57907.0
IM.CFX,20231220,5838.0,5823.2,5846.0,5860.8,5741.0,5745.0,5751.6,41766.0
IM.CFX,20231219,5831.6,5824.8,5826.0,5868.0,5800.4,5838.0,5823.2,42896.0
IM.CFX,20231218,5903.0,5897.2,5891.0,5906.4,5807.4,5831.6,5824.8,41552.0
IM.CFX,20231215,6000.0,5961.0,5980.0,5994.8,5876.4,5903.0,5897.2,49446.0
IM.CFX,20231214,6022.6,6033.0,6041.2,6082.0,5991.0,6000.0,6004.6,35203.0
IM.CFX,20231213,6079.0,6078.0,6062.2,6078.6,6013.4,6022.6,6033.0,39656.0
IM.CFX,20231212,6070.6,6070.6,6070.0,6086.0,6048.4,6079.0,6078.0,45958.0
IM.CFX,20231211,6000.8,6009.0,5973.0,6096.0,5935.2,6070.6,6070.6,60774.0
IM.CFX,20231208,6014.2,6023.4,6025.2,6065.0,5996.0,6000.8,6009.0,51721.0
IM.CFX,20231207,5997.8,5998.6,5985.0,6040.0,5946.0,6014.2,6023.4,59078.0
IM.CFX,20231206,5958.2,5973.8,5938.0,6047.0,5930.6,5997.8,5998.6,52974.0
IM.CFX,20231205,6058.6,6069.0,6050.2,6050.2,5945.2,5958.2,5973.8,50053.0
IM.CFX,20231204,6092.2,6090.2,6100.0,6109.8,6057.4,6058.6,6069.0,44645.0
IM.CFX,20231201,6036.0,6024.2,6036.0,6110.8,6010.6,6092.2,6090.2,55283.0
IM.CFX,20231130,6074.6,6069.0,6065.0,6074.8,5988.2,6036.0,6024.2,51825.0
IM.CFX,20231129,6097.2,6094.0,6093.8,6109.6,6053.0,6074.6,6069.0,38673.0
IM.CFX,20231128,6081.2,6072.6,6070.6,6114.2,6016.8,6097.2,6094.0,49335.0
IM.CFX,20231127,6081.0,6082.4,6074.2,6103.2,6034.4,6081.2,6072.6,48025.0
IM.CFX,20231124,6176.6,6169.6,6163.0,6165.6,6059.2,6081.0,6082.4,51088.0
IM.CFX,20231123,6093.0,6109.0,6090.2,6179.8,6067.2,6176.6,6169.6,56528.0
IM.CFX,20231122,6161.8,6168.8,6145.0,6195.0,6090.4,6093.0,6109.0,46938.0
IM.CFX,20231121,6213.8,6208.6,6225.0,6237.0,6151.2,6161.8,6168.8,47498.0
IM.CFX,20231120,6153.2,6146.0,6165.4,6218.0,6115.8,6213.8,6208.6,51325.0
IM.CFX,20231117,6088.8,6101.0,6079.8,6155.0,6071.8,6153.2,6146.0,48384.0
IM.CFX,20231116,6199.2,6144.8,6135.0,6145.8,6082.8,6088.8,6101.0,43848.0
IM.CFX,20231115,6165.4,6153.4,6210.0,6228.4,6171.0,6199.2,6193.4,30794.0
IM.CFX,20231114,6124.0,6111.0,6124.0,6179.2,6111.4,6165.4,6153.4,37346.0
IM.CFX,20231113,6066.0,6065.2,6088.4,6125.0,6062.4,6124.0,6111.0,35749.0
IM.CFX,20231110,6072.2,6070.4,6050.4,6079.4,6025.2,6066.0,6065.2,35815.0
IM.CFX,20231109,6110.6,6098.6,6102.0,6146.6,6055.8,6072.2,6070.4,38845.0
IM.CFX,20231108,6098.0,6107.0,6097.0,6138.8,6072.4,6110.6,6098.6,38629.0
IM.CFX,20231107,6085.8,6076.2,6085.6,6128.0,6057.6,6098.0,6107.0,32102.0
IM.CFX,20231106,5958.0,5967.4,6000.2,6099.8,6000.0,6085.8,6076.2,39128.0
IM.CFX,20231103,5877.4,5883.0,5888.0,5995.4,5888.0,5958.0,5967.4,44539.0
IM.CFX,20231102,5936.2,5933.6,5945.6,5969.6,5873.2,5877.4,5883.0,32331.0
IM.CFX,20231101,5945.0,5937.2,5950.0,5965.0,5912.8,5936.2,5933.6,31788.0
IM.CFX,20231031,5975.0,5986.2,5975.0,5989.6,5914.2,5945.0,5937.2,35985.0
IM.CFX,20231030,5907.0,5913.4,5902.0,6003.0,5896.8,5975.0,5986.2,38967.0
IM.CFX,20231027,5780.8,5774.4,5762.2,5927.4,5748.2,5907.0,5913.4,50082.0
IM.CFX,20231026,5739.6,5749.8,5720.4,5804.2,5702.0,5780.8,5774.4,42229.0
IM.CFX,20231025,5675.2,5690.4,5725.0,5792.8,5725.0,5739.6,5749.8,35641.0
IM.CFX,20231024,5602.0,5603.8,5622.6,5725.0,5588.8,5675.2,5690.4,52659.0
IM.CFX,20231023,5766.2,5758.0,5751.4,5751.4,5571.2,5602.0,5603.8,48848.0
IM.CFX,20231020,5845.2,5841.6,5820.0,5848.4,5741.8,5766.2,5758.0,45404.0
IM.CFX,20231019,5904.6,5908.8,5884.2,5926.8,5837.6,5845.2,5859.4,33707.0
IM.CFX,20231018,6006.6,5995.0,5990.0,5990.0,5894.0,5904.6,5908.8,37469.0
IM.CFX,20231017,6013.4,6010.8,6020.2,6024.4,5961.0,6006.6,5995.0,35111.0
IM.CFX,20231016,6084.2,6076.6,6090.2,6092.0,5995.0,6013.4,6010.8,36887.0
IM.CFX,20231013,6093.0,6089.8,6069.0,6085.6,6058.4,6084.2,6076.6,24927.0
IM.CFX,20231012,6040.4,6041.8,6078.0,6096.8,6052.0,6093.0,6089.8,33395.0
IM.CFX,20231011,6033.8,6037.4,6059.8,6114.4,6026.0,6040.4,6041.8,39897.0
IM.CFX,20231010,6055.0,6058.2,6074.2,6094.8,6028.4,6033.8,6037.4,29619.0
IM.CFX,20231009,6075.0,6070.0,6075.0,6079.6,6017.0,6055.0,6058.2,36957.0
IM.CFX,20230928,6050.2,6059.4,6063.4,6078.4,6045.0,6075.0,6070.0,31072.0
IM.CFX,20230927,6007.2,6010.8,6005.0,6080.0,5997.8,6050.2,6059.4,38721.0
IM.CFX,20230926,6031.4,6026.6,6021.6,6038.2,6000.8,6007.2,6010.8,27754.0
IM.CFX,20230925,6065.0,6052.2,6055.2,6070.0,6009.8,6031.4,6026.6,34272.0
IM.CFX,20230922,5941.8,5946.4,5941.6,6068.0,5925.2,6065.0,6052.2,52998.0
IM.CFX,20230921,5987.2,5990.8,5970.0,6006.2,5928.4,5941.8,5946.4,38129.0
IM.CFX,20230920,6039.2,6032.0,6020.0,6043.8,5985.0,5987.2,5990.8,29923.0
IM.CFX,20230919,6083.6,6089.2,6078.2,6079.6,6010.0,6039.2,6032.0,37431.0
IM.CFX,20230918,6067.4,6044.6,6040.0,6107.0,6019.2,6083.6,6089.2,45674.0
IM.CFX,20230915,6077.2,6042.2,6066.8,6110.0,6020.8,6067.4,6044.6,46550.0
IM.CFX,20230914,6094.0,6070.8,6093.0,6093.6,6031.2,6077.2,6059.8,38289.0
IM.CFX,20230913,6172.2,6175.2,6158.0,6165.4,6041.4,6094.0,6070.8,50989.0
IM.CFX,20230912,6165.0,6167.6,6165.0,6197.4,6153.4,6172.2,6175.2,38208.0
IM.CFX,20230911,6075.4,6092.0,6093.0,6198.2,6058.0,6165.0,6167.6,53983.0
IM.CFX,20230908,6077.2,6083.0,6050.4,6111.0,6050.4,6075.4,6092.0,41430.0
IM.CFX,20230907,6178.8,6187.0,6160.0,6170.8,6068.0,6077.2,6083.0,49425.0
IM.CFX,20230906,6162.2,6154.6,6145.0,6207.0,6096.4,6178.8,6187.0,40919.0
IM.CFX,20230905,6198.0,6180.6,6190.0,6208.8,6143.0,6162.2,6154.6,37506.0
IM.CFX,20230904,6103.0,6097.6,6130.0,6198.0,6100.2,6198.0,6180.6,49221.0
IM.CFX,20230901,6110.6,6106.2,6123.4,6148.8,6081.8,6103.0,6097.6,37772.0
IM.CFX,20230831,6128.2,6139.6,6124.4,6138.8,6081.6,6110.6,6106.2,44355.0
IM.CFX,20230830,6099.2,6102.0,6121.0,6203.6,6103.0,6128.2,6139.6,59262.0
IM.CFX,20230829,5907.6,5921.2,5908.0,6143.8,5904.8,6099.2,6102.0,76913.0
IM.CFX,20230828,5881.8,5878.4,6230.0,6230.0,5888.2,5907.6,5921.2,74218.0
IM.CFX,20230825,5977.6,5993.0,5950.0,5986.2,5851.0,5881.8,5878.4,60560.0
IM.CFX,20230824,5974.8,5985.2,6003.2,6051.6,5948.0,5977.6,5993.0,48013.0
IM.CFX,20230823,6084.0,6070.6,6071.2,6075.0,5955.6,5974.8,5985.2,46053.0
IM.CFX,20230822,6053.8,6074.2,6093.8,6108.8,5973.0,6084.0,6070.6,56411.0
IM.CFX,20230821,6127.4,6151.2,6119.4,6169.6,5910.4,6053.8,6074.2,49495.0
IM.CFX,20230818,6243.8,6255.2,6259.0,6280.6,6123.2,6127.4,6151.2,51556.0
IM.CFX,20230817,6188.6,6204.4,6181.0,6273.0,6130.8,6243.8,6243.4,28075.0
IM.CFX,20230816,6268.2,6255.0,6245.0,6263.4,6188.6,6188.6,6204.4,28738.0
IM.CFX,20230815,6323.2,6310.2,6336.0,6336.4,6204.8,6268.2,6255.0,35306.0
IM.CFX,20230814,6304.0,6319.2,6246.0,6329.8,6212.8,6323.2,6310.2,36541.0
IM.CFX,20230811,6424.6,6425.8,6431.8,6435.8,6301.6,6304.0,6319.2,32185.0
IM.CFX,20230810,6433.2,6433.4,6423.0,6453.8,6397.4,6424.6,6425.8,25321.0
IM.CFX,20230809,6484.8,6482.0,6457.0,6480.0,6423.4,6433.2,6433.4,24391.0
IM.CFX,20230808,6515.6,6509.4,6502.4,6514.2,6456.2,6484.8,6482.0,28508.0
IM.CFX,20230807,6534.6,6541.2,6525.2,6549.0,6501.0,6515.6,6509.4,25260.0
IM.CFX,20230804,6495.6,6488.8,6520.6,6576.0,6503.8,6534.6,6541.2,36472.0
IM.CFX,20230803,6495.8,6486.0,6476.4,6500.0,6457.4,6495.6,6488.8,26270.0
IM.CFX,20230802,6509.0,6509.0,6501.6,6522.8,6470.0,6495.8,6486.0,27477.0
IM.CFX,20230801,6524.6,6518.6,6518.6,6539.6,6497.2,6509.0,6509.0,25933.0
IM.CFX,20230731,6473.6,6475.8,6495.0,6576.0,6486.6,6524.6,6518.6,36386.0
IM.CFX,20230728,6421.0,6416.0,6397.6,6491.2,6380.0,6473.6,6475.8,36381.0
IM.CFX,20230727,6468.4,6460.4,6470.2,6489.0,6403.6,6421.0,6416.0,25942.0
IM.CFX,20230726,6497.6,6496.4,6494.8,6495.8,6446.8,6468.4,6460.4,23883.0
IM.CFX,20230725,6393.6,6397.2,6477.0,6513.0,6455.0,6497.6,6496.4,33597.0
IM.CFX,20230724,6407.0,6408.0,6394.0,6445.4,6377.8,6393.6,6397.2,24661.0
IM.CFX,20230721,6416.2,6423.6,6402.4,6454.2,6383.0,6407.0,6408.0,37502.0
IM.CFX,20230720,6501.0,6491.0,6539.4,6539.4,6409.0,6416.2,6433.6,28236.0
IM.CFX,20230719,6515.0,6516.8,6510.2,6532.6,6464.0,6501.0,6491.0,27906.0
IM.CFX,20230718,6514.8,6504.0,6519.0,6538.2,6482.2,6515.0,6516.8,28836.0
IM.CFX,20230717,6541.0,6549.4,6521.2,6529.8,6474.0,6514.8,6504.0,27095.0
IM.CFX,20230714,6549.6,6549.0,6562.0,6571.6,6539.0,6541.0,6549.4,23532.0
IM.CFX,20230713,6483.8,6492.8,6501.2,6561.2,6501.2,6549.6,6549.0,33558.0
IM.CFX,20230712,6571.0,6568.2,6574.4,6578.0,6477.8,6483.8,6492.8,30497.0
IM.CFX,20230711,6520.4,6511.0,6528.2,6580.0,6508.4,6571.0,6568.2,26892.0
IM.CFX,20230710,6513.0,6510.6,6538.0,6551.8,6489.2,6520.4,6511.0,25605.0
IM.CFX,20230707,6535.6,6541.6,6531.6,6538.8,6468.2,6513.0,6510.6,34158.0
IM.CFX,20230706,6566.2,6567.8,6557.0,6606.8,6532.0,6535.6,6541.6,28834.0
IM.CFX,20230705,6613.4,6605.8,6609.6,6616.0,6552.8,6566.2,6567.8,25538.0
IM.CFX,20230704,6583.6,6586.6,6581.6,6614.0,6580.0,6613.4,6605.8,19966.0
IM.CFX,20230703,6575.0,6574.8,6599.0,6626.0,6556.8,6583.6,6586.6,28321.0
IM.CFX,20230630,6491.8,6497.4,6481.8,6596.0,6481.8,6575.0,6574.8,30629.0
IM.CFX,20230629,6463.0,6454.8,6453.0,6510.2,6447.0,6491.8,6497.4,30886.0
IM.CFX,20230628,6478.4,6484.0,6478.4,6478.4,6360.0,6463.0,6454.8,44033.0
IM.CFX,20230627,6427.2,6419.8,6434.0,6504.8,6422.8,6478.4,6484.0,34201.0
IM.CFX,20230626,6525.2,6545.4,6499.0,6519.2,6402.0,6427.2,6419.8,44330.0
IM.CFX,20230621,6652.2,6660.0,6637.6,6645.0,6524.8,6525.2,6545.4,39072.0
IM.CFX,20230620,6647.8,6653.8,6638.8,6679.0,6633.4,6652.2,6660.0,23929.0
IM.CFX,20230619,6632.6,6637.8,6639.0,6665.6,6635.0,6647.8,6653.8,24948.0
IM.CFX,20230616,6607.2,6586.8,6584.8,6656.6,6581.2,6632.6,6637.8,31612.0
IM.CFX,20230615,6566.6,6568.2,6579.6,6624.4,6560.2,6607.2,6608.6,30058.0
IM.CFX,20230614,6540.0,6542.2,6545.4,6581.6,6535.2,6566.6,6568.2,35752.0
IM.CFX,20230613,6513.2,6524.2,6503.0,6552.8,6503.0,6540.0,6542.2,30729.0
IM.CFX,20230612,6484.0,6481.4,6480.0,6540.8,6472.2,6513.2,6524.2,37962.0
IM.CFX,20230609,6438.4,6432.4,6449.8,6494.0,6418.0,6484.0,6481.4,36363.0
IM.CFX,20230608,6470.8,6469.4,6470.6,6471.0,6389.6,6438.4,6432.4,39186.0
IM.CFX,20230607,6467.8,6486.0,6479.8,6512.0,6456.6,6470.8,6469.4,31666.0
IM.CFX,20230606,6611.8,6615.6,6606.0,6606.0,6451.0,6467.8,6486.0,43241.0
IM.CFX,20230605,6612.4,6616.8,6620.4,6631.8,6595.6,6611.8,6615.6,24732.0
IM.CFX,20230602,6567.6,6566.6,6588.8,6635.0,6580.8,6612.4,6616.8,31483.0
IM.CFX,20230601,6547.0,6546.4,6530.0,6609.2,6510.4,6567.6,6566.6,35493.0
IM.CFX,20230531,6558.0,6545.4,6550.0,6573.6,6505.0,6547.0,6546.4,34785.0
IM.CFX,20230530,6525.4,6520.2,6520.0,6567.6,6454.2,6558.0,6545.4,40319.0
IM.CFX,20230529,6535.8,6536.2,6553.0,6578.0,6494.6,6525.4,6520.2,31583.0
IM.CFX,20230526,6476.8,6451.8,6470.0,6552.8,6431.0,6535.8,6536.2,39756.0
IM.CFX,20230525,6497.0,6515.8,6495.0,6539.8,6403.4,6476.8,6451.8,43785.0
IM.CFX,20230524,6513.0,6530.4,6503.0,6556.8,6467.0,6497.0,6515.8,39161.0
IM.CFX,20230523,6578.2,6571.6,6580.0,6593.4,6511.2,6513.0,6530.4,35048.0
IM.CFX,20230522,6590.6,6586.6,6585.2,6599.6,6531.8,6578.2,6571.6,34161.0
IM.CFX,20230519,6578.6,6546.8,6546.0,6608.2,6516.0,6590.6,6586.6,40367.0
IM.CFX,20230518,6544.8,6544.0,6565.0,6592.6,6548.2,6578.6,6572.8,20494.0
IM.CFX,20230517,6519.2,6513.2,6505.0,6566.0,6505.0,6544.8,6544.0,25640.0
IM.CFX,20230516,6577.2,6566.0,6587.0,6587.0,6497.0,6519.2,6513.2,27729.0
IM.CFX,20230515,6538.6,6546.0,6542.2,6586.0,6469.2,6577.2,6566.0,33402.0
IM.CFX,20230512,6615.6,6620.2,6604.6,6639.8,6528.8,6538.6,6546.0,29289.0
IM.CFX,20230511,6624.4,6613.4,6631.4,6655.0,6612.0,6615.6,6620.2,21391.0
IM.CFX,20230510,6613.6,6625.8,6613.8,6658.0,6580.8,6624.4,6613.4,32100.0
IM.CFX,20230509,6687.8,6695.0,6687.8,6703.2,6611.6,6613.6,6625.8,31285.0
IM.CFX,20230508,6650.0,6645.4,6660.0,6720.6,6657.0,6687.8,6695.0,27149.0
IM.CFX,20230505,6725.2,6722.2,6722.6,6724.6,6607.8,6650.0,6645.4,30332.0
IM.CFX,20230504,6738.4,6723.2,6723.0,6747.2,6689.0,6725.2,6722.2,20870.0
IM.CFX,20230428,6647.6,6645.2,6650.0,6743.0,6647.6,6738.4,6723.2,30060.0
IM.CFX,20230427,6629.0,6632.6,6601.2,6689.2,6601.2,6647.6,6645.2,35246.0
IM.CFX,20230426,6612.0,6596.6,6596.6,6665.0,6589.8,6629.0,6632.6,38586.0
IM.CFX,20230425,6722.2,6708.6,6705.0,6716.2,6523.4,6612.0,6596.6,43556.0
IM.CFX,20230424,6770.2,6778.8,6772.8,6775.4,6690.2,6722.2,6708.6,33322.0
IM.CFX,20230421,6955.8,6919.4,6919.0,6926.8,6762.0,6770.2,6778.8,36357.0
IM.CFX,20230420,6955.2,6958.2,6949.8,6963.0,6915.6,6955.8,6947.6,20732.0
IM.CFX,20230419,6980.2,6985.8,6973.6,7002.2,6945.8,6955.2,6958.2,23503.0
IM.CFX,20230418,7009.6,7005.4,6995.0,7006.2,6955.4,6980.2,6985.8,28580.0
IM.CFX,20230417,7004.2,7005.2,6999.6,7021.8,6985.0,7009.6,7005.4,27294.0
IM.CFX,20230414,6967.0,6970.4,6978.2,7015.8,6951.0,7004.2,7005.2,31369.0
IM.CFX,20230413,7002.2,7001.2,6995.0,7011.2,6959.0,6967.0,6970.4,28815.0
IM.CFX,20230412,6972.4,6967.0,6979.0,7012.0,6970.2,7002.2,7001.2,23347.0
IM.CFX,20230411,6971.0,6968.0,6981.4,6990.8,6946.0,6972.4,6967.0,24815.0
IM.CFX,20230410,7026.2,7025.2,7038.0,7047.6,6953.2,6971.0,6968.0,28753.0
IM.CFX,20230407,6959.4,6954.4,6973.0,7033.8,6961.4,7026.2,7025.2,24909.0
IM.CFX,20230406,6950.2,6935.4,6920.0,6967.0,6918.0,6959.4,6954.4,23912.0
IM.CFX,20230404,6940.0,6944.6,6946.4,6954.8,6907.6,6950.2,6935.4,24433.0
IM.CFX,20230403,6873.8,6866.0,6885.0,6959.8,6880.0,6940.0,6944.6,27944.0
IM.CFX,20230331,6821.6,6808.6,6824.2,6875.0,6813.2,6873.8,6866.0,25374.0
IM.CFX,20230330,6806.0,6803.4,6805.0,6821.6,6757.6,6821.6,6808.6,30540.0
IM.CFX,20230329,6827.4,6822.6,6849.0,6850.0,6786.8,6806.0,6803.4,25258.0
IM.CFX,20230328,6860.0,6863.0,6849.0,6861.8,6809.0,6827.4,6822.6,26878.0
IM.CFX,20230327,6857.0,6850.8,6857.0,6884.8,6815.8,6860.0,6863.0,27156.0
IM.CFX,20230324,6850.4,6844.0,6854.8,6870.0,6830.0,6857.0,6850.8,21217.0
IM.CFX,20230323,6825.6,6825.0,6816.0,6852.6,6808.8,6850.4,6844.0,23663.0
IM.CFX,20230322,6791.4,6790.8,6811.0,6841.8,6800.6,6825.6,6825.0,22846.0
IM.CFX,20230321,6719.8,6718.0,6740.0,6807.8,6731.0,6791.4,6790.8,30156.0
IM.CFX,20230320,6726.0,6722.2,6755.0,6762.4,6687.0,6719.8,6718.0,31841.0
IM.CFX,20230317,6706.0,6678.0,6715.0,6785.6,6695.6,6726.0,6722.2,39453.0
IM.CFX,20230316,6807.2,6801.6,6777.0,6791.8,6685.4,6706.0,6707.2,31718.0
IM.CFX,20230315,6775.8,6773.8,6800.0,6854.8,6786.8,6807.2,6801.6,37688.0
IM.CFX,20230314,6832.6,6815.6,6820.6,6830.6,6696.4,6775.8,6773.8,43522.0
IM.CFX,20230313,6798.4,6805.8,6792.0,6838.0,6744.4,6832.6,6815.6,37275.0
IM.CFX,20230310,6878.6,6878.0,6840.8,6863.8,6787.6,6798.4,6805.8,38784.0
IM.CFX,20230309,6871.0,6865.8,6876.0,6888.2,6833.0,6878.6,6878.0,32424.0
IM.CFX,20230308,6846.8,6868.0,6828.0,6889.6,6821.8,6871.0,6865.8,31970.0
IM.CFX,20230307,6956.4,6962.0,6950.8,6963.4,6844.8,6846.8,6868.0,43995.0
IM.CFX,20230306,6942.0,6942.2,6949.0,6990.8,6902.2,6956.4,6962.0,31889.0
IM.CFX,20230303,6961.6,6955.0,6955.2,6992.8,6899.4,6942.0,6942.2,33740.0
IM.CFX,20230302,6980.6,6975.4,6978.0,7013.6,6941.6,6961.6,6955.0,30230.0
IM.CFX,20230301,6937.4,6921.4,6927.4,6984.2,6912.4,6980.6,6975.4,35047.0
IM.CFX,20230228,6879.2,6865.0,6899.0,6954.0,6847.6,6937.4,6921.4,35963.0
IM.CFX,20230227,6928.6,6918.6,6903.2,6922.6,6830.8,6879.2,6865.0,34001.0
IM.CFX,20230224,6944.8,6923.6,6947.0,6966.4,6872.6,6928.6,6918.6,31201.0
IM.CFX,20230223,6968.0,6959.0,6968.0,6987.2,6883.8,6944.8,6923.6,34847.0
IM.CFX,20230222,6935.2,6928.0,6916.0,6989.8,6910.8,6968.0,6959.0,32043.0
IM.CFX,20230221,6922.0,6914.4,6925.4,6988.4,6890.0,6935.2,6928.0,37792.0
IM.CFX,20230220,6849.8,6871.8,6871.0,6928.8,6796.0,6922.0,6914.4,45771.0
IM.CFX,20230217,6909.2,6933.4,6928.0,6940.6,6842.0,6849.8,6871.8,47096.0
IM.CFX,20230216,7049.8,7025.6,7039.8,7077.8,6864.2,6909.2,6933.4,49836.0
IM.CFX,20230215,7055.6,7043.0,7051.4,7071.8,7025.6,7049.8,7046.2,20524.0
IM.CFX,20230214,7039.6,7032.4,7050.6,7065.0,7016.0,7055.6,7043.0,19802.0
IM.CFX,20230213,6977.6,6968.6,6968.4,7045.0,6960.2,7039.6,7032.4,26143.0
IM.CFX,20230210,7020.8,7008.8,7009.8,7023.8,6911.0,6977.6,6968.6,34437.0
IM.CFX,20230209,6865.8,6870.0,6841.0,7023.0,6838.4,7020.8,7008.8,35972.0
IM.CFX,20230208,6912.8,6894.8,6905.8,6926.0,6853.0,6865.8,6870.0,26376.0
IM.CFX,20230207,6893.6,6883.0,6907.4,6916.0,6840.8,6912.8,6894.8,31160.0
IM.CFX,20230206,6920.0,6914.0,6892.2,6924.6,6840.2,6893.6,6883.0,30107.0
IM.CFX,20230203,6928.0,6933.4,6910.0,6933.0,6825.0,6920.0,6914.0,34786.0
IM.CFX,20230202,6922.6,6910.0,6932.6,6983.4,6911.8,6928.0,6933.4,28541.0
IM.CFX,20230201,6818.0,6820.0,6831.0,6923.0,6822.2,6922.6,6910.0,26743.0
IM.CFX,20230131,6792.8,6800.2,6796.2,6848.0,6775.6,6818.0,6820.0,23191.0
IM.CFX,20230130,6777.6,6764.4,6881.2,6888.0,6791.0,6792.8,6800.2,27391.0
IM.CFX,20230120,6687.4,6704.8,6736.2,6777.6,6717.4,6777.6,6764.4,23193.0
IM.CFX,20230119,6621.2,6626.0,6607.8,6692.8,6587.4,6687.4,6679.6,16681.0
IM.CFX,20230118,6608.2,6610.2,6620.8,6653.8,6611.4,6621.2,6626.0,18132.0
IM.CFX,20230117,6597.4,6601.8,6606.0,6646.6,6592.6,6608.2,6610.2,19735.0
IM.CFX,20230116,6542.4,6516.2,6540.0,6658.8,6539.8,6597.4,6601.8,31794.0
IM.CFX,20230113,6492.0,6500.2,6509.8,6551.8,6481.2,6542.4,6516.2,24189.0
IM.CFX,20230112,6494.4,6496.4,6500.0,6541.6,6473.8,6492.0,6500.2,24588.0
IM.CFX,20230111,6532.2,6535.0,6539.0,6562.4,6481.0,6494.4,6496.4,22001.0
IM.CFX,20230110,6518.2,6528.6,6527.0,6546.6,6490.2,6532.2,6535.0,17855.0
IM.CFX,20230109,6505.2,6498.2,6518.2,6571.0,6513.0,6518.2,6528.6,21905.0
IM.CFX,20230106,6490.4,6483.8,6487.2,6543.6,6478.2,6505.2,6498.2,23789.0
IM.CFX,20230105,6414.4,6405.6,6433.8,6494.0,6408.2,6490.4,6483.8,24379.0
IM.CFX,20230104,6420.0,6426.0,6420.0,6439.0,6375.0,6414.4,6405.6,22569.0
IM.CFX,20230103,6285.8,6282.8,6280.0,6442.8,6276.0,6420.0,6426.0,29613.0
IM.CFX,20221230,6269.2,6280.8,6290.2,6304.0,6261.0,6285.8,6282.8,21902.0
IM.CFX,20221229,6293.4,6282.8,6279.8,6334.8,6260.8,6269.2,6280.8,27458.0
IM.CFX,20221228,6336.2,6329.6,6310.0,6318.4,6263.8,6293.4,6282.8,22558.0
IM.CFX,20221227,6285.2,6288.0,6305.0,6339.0,6265.4,6336.2,6329.6,26878.0
IM.CFX,20221226,6165.2,6153.2,6172.2,6305.4,6170.2,6285.2,6288.0,33311.0
IM.CFX,20221223,6206.0,6200.4,6182.0,6232.2,6130.4,6165.2,6153.2,34624.0
IM.CFX,20221222,6302.2,6292.2,6327.8,6333.6,6171.2,6206.0,6200.4,32221.0
IM.CFX,20221221,6350.4,6356.6,6356.0,6369.8,6248.8,6302.2,6292.2,30254.0
IM.CFX,20221220,6417.0,6398.4,6403.0,6418.6,6337.6,6350.4,6356.6,31960.0
IM.CFX,20221219,6531.8,6509.4,6524.0,6553.6,6377.2,6417.0,6398.4,31461.0
IM.CFX,20221216,6600.6,6568.6,6549.4,6565.6,6478.2,6531.8,6509.4,30237.0
IM.CFX,20221215,6573.6,6565.4,6564.8,6618.4,6547.6,6600.6,6602.6,23979.0
IM.CFX,20221214,6604.8,6604.4,6615.0,6638.4,6551.4,6573.6,6565.4,30053.0
IM.CFX,20221213,6654.6,6665.8,6659.8,6659.8,6590.6,6604.8,6604.4,27158.0
IM.CFX,20221212,6684.8,6677.4,6678.0,6691.6,6614.0,6654.6,6665.8,36779.0
IM.CFX,20221209,6663.8,6652.8,6666.0,6699.6,6613.2,6684.8,6677.4,34377.0
IM.CFX,20221208,6695.2,6689.6,6701.4,6701.4,6633.8,6663.8,6652.8,29056.0
IM.CFX,20221207,6697.8,6687.2,6689.8,6739.0,6671.6,6695.2,6689.6,31060.0
IM.CFX,20221206,6703.0,6696.0,6690.2,6747.0,6657.0,6697.8,6687.2,35502.0
IM.CFX,20221205,6681.8,6690.4,6729.0,6736.0,6673.0,6703.0,6696.0,34433.0
IM.CFX,20221202,6662.0,6673.0,6662.2,6747.0,6651.2,6681.8,6690.4,30017.0
IM.CFX,20221201,6582.8,6572.6,6656.0,6713.8,6637.8,6662.0,6673.0,34834.0
IM.CFX,20221130,6597.0,6598.8,6600.2,6623.0,6555.4,6582.8,6572.6,31915.0
IM.CFX,20221129,6492.0,6480.8,6502.0,6632.8,6501.0,6597.0,6598.8,41900.0
IM.CFX,20221128,6497.0,6501.8,6424.2,6500.6,6371.4,6492.0,6480.8,42689.0
IM.CFX,20221125,6559.2,6564.6,6545.2,6553.8,6485.8,6497.0,6501.8,35966.0
IM.CFX,20221124,6553.4,6546.6,6570.0,6595.6,6520.4,6559.2,6564.6,38327.0
IM.CFX,20221123,6557.2,6545.6,6563.0,6584.0,6422.2,6553.4,6546.6,49857.0
IM.CFX,20221122,6685.0,6685.4,6674.0,6686.8,6514.4,6557.2,6545.6,51946.0
IM.CFX,20221121,6646.4,6664.4,6606.2,6695.8,6581.2,6685.0,6685.4,39569.0
IM.CFX,20221118,6715.2,6680.6,6700.6,6760.0,6631.4,6646.4,6664.4,41232.0
IM.CFX,20221117,6698.2,6702.0,6682.4,6722.0,6634.0,6715.2,6691.2,20540.0
IM.CFX,20221116,6753.0,6738.0,6747.8,6774.6,6691.6,6698.2,6702.0,23921.0
IM.CFX,20221115,6592.2,6588.0,6595.0,6753.2,6582.6,6753.0,6738.0,33028.0
IM.CFX,20221114,6645.0,6685.8,6668.0,6714.0,6565.6,6592.2,6588.0,36933.0
IM.CFX,20221111,6616.0,6619.2,6800.0,6811.6,6641.8,6645.0,6685.8,45127.0
IM.CFX,20221110,6674.8,6683.2,6638.0,6667.0,6584.0,6616.0,6619.2,33758.0
IM.CFX,20221109,6707.6,6688.4,6700.4,6748.0,6660.0,6674.8,6683.2,29093.0
IM.CFX,20221108,6711.8,6717.0,6045.4,6717.8,6045.4,6707.6,6688.4,28811.0
IM.CFX,20221107,6746.6,6731.2,6731.4,6777.0,6661.0,6711.8,6717.0,37120.0
IM.CFX,20221104,6563.4,6567.2,6588.0,6750.8,6564.2,6746.6,6731.2,43107.0
IM.CFX,20221103,6532.0,6528.8,6493.0,6589.0,6493.0,6563.4,6567.2,33815.0
IM.CFX,20221102,6471.0,6429.8,6459.0,6561.8,6447.0,6532.0,6528.8,35874.0
IM.CFX,20221101,6286.6,6274.2,6317.0,6471.0,6271.4,6471.0,6429.8,50479.0
IM.CFX,20221031,6224.2,6250.8,6203.0,6360.0,6185.4,6286.6,6274.2,48429.0
IM.CFX,20221028,6473.0,6484.8,6426.2,6462.6,6202.0,6224.2,6250.8,51221.0
IM.CFX,20221027,6500.6,6476.2,6534.2,6560.0,6453.0,6473.0,6484.8,42741.0
IM.CFX,20221026,6340.8,6342.4,6348.2,6578.0,6336.2,6500.6,6476.2,59542.0
IM.CFX,20221025,6360.0,6332.2,6340.0,6389.0,6212.4,6340.8,6342.4,51852.0
IM.CFX,20221024,6377.4,6368.6,6370.0,6554.4,6267.0,6360.0,6332.2,52094.0
IM.CFX,20221021,6445.8,6368.8,6376.0,6424.8,6315.0,6377.4,6368.6,36648.0
IM.CFX,20221020,6462.4,6470.8,6435.2,6543.8,6328.6,6445.8,6443.4,28712.0
IM.CFX,20221019,6497.2,6491.4,6477.0,6545.0,6452.4,6462.4,6470.8,29061.0
IM.CFX,20221018,6448.0,6466.6,6466.0,6547.8,6432.4,6497.2,6491.4,30270.0
IM.CFX,20221017,6418.0,6411.0,6400.0,6487.4,6396.8,6448.0,6466.6,31880.0
IM.CFX,20221014,6242.4,6245.0,6300.0,6437.4,6273.2,6418.0,6411.0,39202.0
IM.CFX,20221013,6169.2,6135.0,6147.6,6305.0,6142.2,6242.4,6245.0,39115.0
IM.CFX,20221012,5994.2,5996.6,5985.6,6182.4,5895.2,6169.2,6135.0,51182.0
IM.CFX,20221011,5976.0,5978.0,5990.0,6030.0,5935.0,5994.2,5996.6,35293.0
IM.CFX,20221010,6103.0,6122.4,6121.6,6142.8,5941.4,5976.0,5978.0,35148.0
IM.CFX,20220930,6232.4,6215.0,6242.0,6247.4,6098.2,6103.0,6122.4,42514.0
IM.CFX,20220929,6202.6,6240.2,6275.0,6308.0,6180.2,6232.4,6215.0,44555.0
IM.CFX,20220928,6398.8,6377.4,6380.2,6393.2,6201.2,6202.6,6240.2,48495.0
IM.CFX,20220927,6255.0,6273.8,6289.0,6405.0,6270.8,6398.8,6377.4,41677.0
IM.CFX,20220926,6323.4,6333.4,6288.0,6391.0,6251.2,6255.0,6273.8,41247.0
IM.CFX,20220923,6435.8,6438.4,6437.0,6458.8,6246.0,6323.4,6333.4,55619.0
IM.CFX,20220922,6412.6,6424.4,6373.4,6506.8,6368.0,6435.8,6438.4,40306.0
IM.CFX,20220921,6388.8,6372.2,6368.0,6447.6,6303.0,6412.6,6424.4,39329.0
IM.CFX,20220920,6298.2,6298.2,6361.0,6464.8,6343.0,6388.8,6372.2,37253.0
IM.CFX,20220919,6383.2,6397.0,6373.0,6428.2,6257.0,6298.2,6298.2,41542.0
IM.CFX,20220916,6596.4,6496.8,6500.0,6557.8,6369.2,6383.2,6397.0,42595.0
IM.CFX,20220915,6826.0,6822.4,6855.4,6860.0,6524.4,6596.4,6575.4,29581.0
IM.CFX,20220914,6891.4,6888.0,6810.0,6851.0,6784.8,6826.0,6822.4,27940.0
IM.CFX,20220913,6913.0,6910.2,6935.2,6957.6,6872.0,6891.4,6888.0,26519.0
IM.CFX,20220909,6874.4,6875.6,6893.0,6918.8,6836.2,6913.0,6910.2,31079.0
IM.CFX,20220908,6920.2,6917.8,6921.4,6944.8,6864.0,6874.4,6875.6,24336.0
IM.CFX,20220907,6879.8,6865.8,6851.0,6954.0,6851.0,6920.2,6917.8,27172.0
IM.CFX,20220906,6747.2,6738.2,6770.0,6885.0,6738.0,6879.8,6865.8,33895.0
IM.CFX,20220905,6730.2,6725.4,6726.4,6810.8,6691.8,6747.2,6738.2,30586.0
IM.CFX,20220902,6682.6,6679.2,6706.4,6773.4,6669.8,6730.2,6725.4,34760.0
IM.CFX,20220901,6710.2,6731.0,6720.0,6787.2,6649.8,6682.6,6679.2,38108.0
IM.CFX,20220831,6941.0,6932.4,6918.4,6931.8,6699.0,6710.2,6731.0,47768.0
IM.CFX,20220830,6950.0,6953.8,6954.2,6965.4,6887.2,6941.0,6932.4,30897.0
IM.CFX,20220829,6911.6,6911.6,6810.0,6979.0,6805.0,6950.0,6953.8,35892.0
IM.CFX,20220826,6940.4,6913.8,6968.6,7032.0,6886.4,6911.6,6911.6,34552.0
IM.CFX,20220825,6969.8,6977.6,6995.0,6999.0,6865.0,6940.4,6913.8,40047.0
IM.CFX,20220824,7253.6,7241.0,7263.0,7277.0,6951.4,6969.8,6977.6,43723.0
IM.CFX,20220823,7232.4,7239.4,7224.0,7259.8,7208.6,7253.6,7241.0,25221.0
IM.CFX,20220822,7186.4,7203.2,7179.8,7252.8,7119.4,7232.4,7239.4,27615.0
IM.CFX,20220819,7358.8,7307.4,7319.0,7337.0,7183.2,7186.4,7203.2,31515.0
IM.CFX,20220818,7327.6,7325.8,7320.0,7370.4,7303.0,7358.8,7352.0,14405.0
IM.CFX,20220817,7311.0,7305.6,7317.0,7346.4,7263.8,7327.6,7325.8,18274.0
IM.CFX,20220816,7266.0,7262.4,7275.0,7361.4,7257.2,7311.0,7305.6,21099.0
IM.CFX,20220815,7222.4,7228.8,7210.0,7297.6,7206.0,7266.0,7262.4,20698.0
IM.CFX,20220812,7284.8,7278.6,7275.0,7306.0,7205.4,7222.4,7228.8,19678.0
IM.CFX,20220811,7168.4,7158.2,7201.4,7287.6,7179.6,7284.8,7278.6,22671.0
IM.CFX,20220810,7160.6,7154.4,7138.0,7202.0,7130.0,7168.4,7158.2,21848.0
IM.CFX,20220809,7132.2,7130.6,7120.0,7164.8,7084.4,7160.6,7154.4,18871.0
IM.CFX,20220808,7080.0,7051.4,7060.0,7145.0,7039.6,7132.2,7130.6,20853.0
IM.CFX,20220805,6890.8,6872.0,6903.4,7080.8,6903.4,7080.0,7051.4,31492.0
IM.CFX,20220804,6882.8,6914.6,6933.0,6942.8,6778.2,6890.8,6872.0,35394.0
IM.CFX,20220803,6948.2,6975.4,6990.0,7062.0,6860.8,6882.8,6914.6,32325.0
IM.CFX,20220802,7136.6,7130.0,7070.0,7075.0,6820.4,6948.2,6975.4,37753.0
IM.CFX,20220801,7087.0,7090.2,7070.2,7141.0,7004.4,7136.6,7130.0,22084.0
IM.CFX,20220729,7119.0,7112.4,7130.0,7152.0,7068.0,7087.0,7090.2,25025.0
IM.CFX,20220728,7066.2,7059.4,7110.0,7171.4,7072.4,7119.0,7112.4,22464.0
IM.CFX,20220727,6991.0,6964.4,6982.0,7074.4,6965.2,7066.2,7059.4,19290.0
IM.CFX,20220726,6878.6,6885.8,6898.0,6994.0,6844.8,6991.0,6964.4,19269.0
IM.CFX,20220725,6956.6,6934.2,6974.2,7015.8,6850.0,6878.6,6885.8,22883.0
IM.CFX,20220722,,7018.8,7050.0,7085.2,6857.0,6956.6,6934.2,22153.0
